,Title,Release Year,RT_score,URL,Director,Cast,Director,Producer,Screenwriter,Distributor,Production Co,Rating,Genre,Original Language,Release Date (Theaters),Release Date (Streaming),Box Office (Gross USA),Runtime,Sound Mix,Aspect Ratio,audience_score,number_audience_reviews,Rerelease Date (Theaters)
0,Lady Bird,2017,99%,https://www.rottentomatoes.com/m/lady_bird,Greta Gerwig,"Saoirse Ronan,Laurie Metcalf,Timothée Chalamet,Lucas Hedges",Greta Gerwig,"Scott Rudin,Eli Bush,Evelyn O'Neill",Greta Gerwig,A24,"Scott Rudin Productions,A24",R (Language|Brief Graphic Nudity|Sexual Content|Teen Partying),"Comedy,Drama",English,"Nov 22, 2017, Wide","Feb 13, 2018",$48.9M,1h 34m,Dolby Digital,Flat (1.85:1),79%,"10,000+ Ratings",
1,Eighth Grade,2018,99%,https://www.rottentomatoes.com/m/eighth_grade,Bo Burnham,"Elsie Fisher,Daniel Zolghadri,Fred Hechinger,Imani Lewis",Bo Burnham,"Scott Rudin,Eli Bush,Lila Yacoub,Christopher Storer",Bo Burnham,A24,A24,R (Some Sexual Material|Language),"Comedy,Drama",English,"Aug 3, 2018, Wide","Sep 25, 2018",$13.5M,1h 33m,,Flat (1.85:1),82%,"5,000+ Ratings",
2,Moonlight,2016,98%,https://www.rottentomatoes.com/m/moonlight_2016,Barry Jenkins,"Mahershala Ali,Alex R. Hibbert,Ashton Sanders,Trevante Rhodes",Barry Jenkins,"Adele Romanski,Dede Gardner,Jeremy Kleiner",Barry Jenkins,A24,"Plan B Entertainment,Upload Films,Pastel",R (Drug Use|Brief Violence|Language Throughout|Some Sexuality),"Drama,LGBTQ+",English,"Nov 18, 2016, Wide","Feb 21, 2017",$27.9M,1h 51m,Dolby Digital,Scope (2.35:1),79%,"25,000+ Ratings",
3,Minari,2020,98%,https://www.rottentomatoes.com/m/minari,Lee Isaac Chung,"Steven Yeun,Han Ye-ri,Youn Yuh-jung,Will Patton",Lee Isaac Chung,"Dede Gardner,Jeremy Kleiner,Christina Oh",Lee Isaac Chung,A24,Plan B Entertainment,PG-13 (Some Thematic Elements|A Rude Gesture),Drama,English,"Feb 12, 2021, Limited","Feb 26, 2021",$700.0K,1h 55m,,,87%,"1,000+ Ratings",
4,Marcel the Shell with Shoes On,2021,98%,https://www.rottentomatoes.com/m/marcel_the_shell_with_shoes_on,Dean Fleischer-Camp,"Jenny Slate,Rosa Salazar,Thomas Mann,Isabella Rossellini",Dean Fleischer-Camp,"Dean Fleischer-Camp,Andrew Goldman,Elisabeth Holm,Caroline Kaplan,Terry Leonard,Paul Mezey,Jenny Slate","Dean Fleischer-Camp,Jenny Slate,Nick Paley",A24,Cinereach,PG (Thematic Elements|Some Suggestive Material),"Kids & Family,Comedy,Animation",English,"Jul 22, 2022, Wide","Sep 6, 2022",$5.7M,1h 29m,,,90%,"1,000+ Ratings",
5,The Farewell,2019,97%,https://www.rottentomatoes.com/m/the_farewell_2019,Lulu Wang,"Awkwafina,Tzi Ma,Diana Lin,Gil Perez-Abraham",Lulu Wang,"Chris Weitz,Andrew Miano,Peter Saraf,Marc Turtletaub,Anita Gou,Daniele Tate Melia,Jane Zheng,Dani Melia",Lulu Wang,A24,"Big Beach,Kindred Spirit,Ray Production",PG (Some Smoking|Brief Language|Thematic Material),"Comedy,Drama",English,"Aug 2, 2019, Wide","Aug 27, 2019",$17.7M,1h 40m,,Scope (2.35:1),87%,"1,000+ Verified Ratings",
6,Earth Mama,2023,97%,https://www.rottentomatoes.com/m/earth_mama,Savanah Leaf,"Tia Nomore,Erika Alexander,Doechii,Sharon Duncan-Brewster",Savanah Leaf,"Cody Ryder,Shirley O'Connor,Medb Riordan,Sam Bisbee,Savanah Leaf",Savanah Leaf,A24,"Net-Net Worldwide,A24,Film4,Academy Films,Park Pictures",R (Some Drug Use|Language|Sexual References|Nudity),Drama,English,"Jul 7, 2023, Limited",,,1h 37m,Dolby Digital,,74%,50+ Ratings,
7,The Florida Project,2017,96%,https://www.rottentomatoes.com/m/the_florida_project,Sean Baker,"Willem Dafoe,Brooklynn Prince,Bria Vinaite,Valeria Cotto",Sean Baker,"Sean Baker,Chris Bergoch,Shih-Ching Tsou,Andrew Duncan,Alex Saks,Kevin Chinoy,Francesca Silvestri","Sean Baker,Chris Bergoch",A24,"Cinereach,Cre Film,June Pictures,Freestyle Picture Company",R (Language Throughout|Disturbing Behavior|Sexual References|Some Drug Material),Drama,English,"Oct 6, 2017, Limited","Jan 30, 2018",$5.8M,1h 55m,,Scope (2.35:1),81%,"10,000+ Ratings",
8,Aftersun,2022,96%,https://www.rottentomatoes.com/m/aftersun,Charlotte Wells,"Paul Mescal,Frankie Corio,Celia Rowlson-Hall,Kayleigh Coleman",Charlotte Wells,"Mark Ceryak,Amy Jackson,Barry Jenkins,Adele Romanski",Charlotte Wells,A24,"Unified Theory,Screen Scotland,AZ Celtic Films,Pastel,BBC Film,Tango Entertainment (III)",R (Some Language|Brief Sexual Material),Drama,English (United Kingdom),"Oct 21, 2022, Limited","Dec 20, 2022",,1h 41m,,Flat (1.85:1),81%,"1,000+ Ratings",
9,Amy,2015,96%,https://www.rottentomatoes.com/m/amy_2015,Asif Kapadia,"Tony Bennett,Pete Doherty,Salaam Remi,Nick Shymansky",Asif Kapadia,James Gay-Rees,,A24,Film4,R (Language|Drug Material),"Documentary,Biography,Music",English,"Jul 3, 2015, Limited","Jul 27, 2016",$8.4M,2h 8m,,Flat (1.85:1),87%,"10,000+ Ratings",
10,First Cow,2019,96%,https://www.rottentomatoes.com/m/first_cow,Kelly Reichardt,"John Magaro,Orion Lee,Alia Shawkat,Toby Jones",Kelly Reichardt,"Neil Kopp,Vincent Savino,Anish Savjani","Jonathan Raymond,Kelly Reichardt",A24,Film Science,PG-13 (Brief Strong Language),"Western,Drama",English,"Mar 6, 2020, Limited","Jul 10, 2020",$161.0K,2h 2m,,,65%,500+ Ratings,
11,Past Lives,2023,95%,https://www.rottentomatoes.com/m/past_lives,Celine Song,"Greta Lee,Teo Yoo,John Magaro,Seung-ah Moon",Celine Song,"David Hinojosa,Christine Vachon,Pamela Koffler",Celine Song,A24,"The Searchers NV,Killer Films,2AM,A24,CJ ENM Co.",PG-13 (Some Strong Language),"Romance,Drama",English,"Jun 30, 2023, Wide","Aug 22, 2023",$9.9M,1h 46m,Dolby Digital,Flat (1.85:1),84%,"2,500+ Ratings",
12,Talk to Me,2023,95%,https://www.rottentomatoes.com/m/talk_to_me_2023,Danny Philippou,"Sophie Wilde,Miranda Otto,Otis Dhanji,Alexandra Jensen","Danny Philippou,Michael Philippou","Samantha Jennings,Kristina Ceyton","Bill Hinzman,Danny Philippou",A24,"The South Australian Film Corporation,Screen Australia,Causeway Films,Metrol Technology,Première TV Distribution,Head Gear Films,Talk to Me Holdings",R (Some Sexual Material|Language Throughout|Strong/Bloody Violent Content),"Horror,Mystery & Thriller",English,"Jul 28, 2023, Wide","Sep 12, 2023",$47.6M,1h 35m,Dolby Digital,Digital 2.39:1,82%,"1,000+ Verified Ratings",
13,The Eternal Daughter,2022,95%,https://www.rottentomatoes.com/m/the_eternal_daughter,Joanna Hogg,"Tilda Swinton,Joseph Mydell,Carly-Sophia Davies",Joanna Hogg,"Ed Guiney,Andrew Lowe,Emma Norton,Joanna Hogg",Joanna Hogg,A24,"Element Pictures,Cineart,JWH Films",PG-13 (Some Drug Material),"Mystery & Thriller,Drama",English,"Dec 2, 2022, Limited","Dec 2, 2022",$28.0K,1h 36m,Dolby Digital,,44%,100+ Ratings,
14,Menashe,2017,95%,https://www.rottentomatoes.com/m/menashe,Joshua Z Weinstein,"Menashe Lustig,Ruben Niborski,Yoel Weisshaus,Meir Ber Schwartz",Joshua Z Weinstein,"Yoni Brook,Traci Carlson,Daniel Finkelman,Alex Lipschultz,Joshua Z Weinstein","Alex Lipschultz,Musa Syeed,Joshua Z Weinstein",A24,Shtick Film,PG (Thematic Elements),"Comedy,Drama",Yiddish,"Jul 28, 2017, Limited","Oct 10, 2017",$1.7M,1h 22m,,,65%,"1,000+ Ratings",
15,De Palma,2015,95%,https://www.rottentomatoes.com/m/de_palma,Noah Baumbach,Brian De Palma,"Noah Baumbach,Jake Paltrow","Noah Baumbach,Jake Paltrow",,A24,Empire Ward,R (Sexual Content|Graphic Nudity|Some Language|Violent Images),Documentary,English,"Jun 10, 2016, Limited","Aug 23, 2016",$163.4K,1h 48m,,,86%,"1,000+ Ratings",
16,Krisha,2015,95%,https://www.rottentomatoes.com/m/krisha_2016,Trey Edward Shults,"Krisha Fairchild,Robyn Fairchild,Bill Wise,Chris Doubek",Trey Edward Shults,"Justin R. Chan,Trey Edward Shults,Wilson Smith,Chase Joliet",Trey Edward Shults,A24,,R (Language|Substance Abuse|Some Sexual Content),"Holiday,Drama",English,"Mar 18, 2016, Limited","Aug 16, 2016",$140.8K,1h 23m,Dolby Digital,,77%,"1,000+ Ratings",
17,First Reformed,2017,94%,https://www.rottentomatoes.com/m/first_reformed,Paul Schrader,"Ethan Hawke,Amanda Seyfried,Philip Ettinger,Cedric the Entertainer",Paul Schrader,"Christine Vachon,David Hinojosa,Frank Murray,Jack Binder,Greg Clark,Victoria Hill,Gary Hamilton,Deepak Sikka",Paul Schrader,A24,"Killer Films,Fibonacci Films,Omeira Studio Partners",R (Some Disturbing Violent Images),"Mystery & Thriller,Drama",English,"May 18, 2018, Limited","Jul 31, 2018",$3.4M,1h 53m,,,69%,"2,500+ Ratings",
18,X,2022,94%,https://www.rottentomatoes.com/m/x_2022,Ti West,"Mia Goth,Jenna Ortega,Martin Henderson,Brittany Snow",Ti West,"Jacob Jaffke,Kevin Turen,Harrison Kreiss",Ti West,A24,"A24,MAD SOLAR,BRON Creative",R (Gore|Drug Use|Strong Sexual Content|Graphic Nudity|Language|Strong Bloody Violence),"Horror,Mystery & Thriller",English,"Mar 18, 2022, Wide","Apr 14, 2022",$11.6M,1h 45m,,,75%,500+ Verified Ratings,"Jun 18, 2024"
19,You Hurt My Feelings,2023,94%,https://www.rottentomatoes.com/m/you_hurt_my_feelings_2023,Nicole Holofcener,"Julia Louis-Dreyfus,Tobias Menzies,Michaela Watkins,Arian Moayed",Nicole Holofcener,"Stefanie Azpiazu,Anthony Bregman,Nicole Holofcener,Julia Louis-Dreyfus",Nicole Holofcener,A24,"FilmNation Entertainment,Likely Story",R (Language),"Comedy,Drama,Romance",English,"May 26, 2023, Wide","Jun 22, 2023",$3.8M,1h 33m,Dolby Digital,,64%,250+ Verified Ratings,
20,C'mon C'mon,2021,94%,https://www.rottentomatoes.com/m/cmon_cmon,Mike Mills,"Joaquin Phoenix,Gaby Hoffmann,Woody Norman,Scoot McNairy",Mike Mills,"Andrea Longacre-White,Lila Yacoub,Chelsea Barnard",Mike Mills,A24,"A24,BRON Creative",R (Language),Drama,English,"Nov 19, 2021, Limited","Dec 23, 2021",$1.5M,1h 48m,Dolby Digital,,78%,500+ Ratings,
21,Love Lies Bleeding,2024,94%,https://www.rottentomatoes.com/m/love_lies_bleeding_2024,Rose Glass,"Anna Baryshnikov,Kristen Stewart,Dave Franco,Katy M. O'Brian",Rose Glass,"Andrea Cornwell,Oliver Kassman","Rose Glass,Weronika Tofilska",A24,"A24,Film4,Escape Plan Productions,Lobo Films",R (Grisly Images|Drug Use|Violence|Language Throughout|Nudity|Sexual Content),"Mystery & Thriller,Crime,Drama,LGBTQ+,Action",English,"Mar 15, 2024, Wide","Apr 26, 2024",$7.7M,1h 44m,,Digital 2.39:1,82%,250+ Verified Ratings,
22,Everything Everywhere All at Once,2022,93%,https://www.rottentomatoes.com/m/everything_everywhere_all_at_once,Dan Kwan,"Michelle Yeoh,Stephanie Hsu,Ke Huy Quan,James Hong","Dan Kwan,Daniel Scheinert","Joe Russo,Anthony Russo,Mike Larocca,Dan Kwan,Daniel Scheinert,Jonathan Wang","Dan Kwan,Daniel Scheinert",A24,"Ley Line Entertainment,IAC Films,AGBO",R (Sexual Material|Language|Some Violence),"Comedy,Adventure,Sci-Fi,Fantasy",English,"Apr 8, 2022, Wide","Jun 7, 2022",$76.7M,2h 12m,"Stereo,Dolby Digital,Dolby Atmos",Flat (1.85:1),86%,"5,000+ Verified Ratings","Aug 28, 2024"
23,The Zone of Interest,2023,93%,https://www.rottentomatoes.com/m/the_zone_of_interest,Jonathan Glazer,"Christian Friedel,Sandra Hüller,Medusa Knopf,Daniel Holzberg",Jonathan Glazer,"James Wilson,Ewa Puszczynska,Jim Wilson",Jonathan Glazer,A24,"A24,Access Entertainment,Film4,JW Films,Extreme Emotions",PG-13 (Some Suggestive Material|Smoking|Thematic Material),"History,Drama,War",German,"Dec 15, 2023, Limited","Feb 20, 2024",$7.7M,1h 46m,Dolby Digital,,78%,250+ Verified Ratings,
24,Room,2015,93%,https://www.rottentomatoes.com/m/room_2015,Lenny Abrahamson,"Brie Larson,Jacob Tremblay,Joan Allen,Sean Bridgers",Lenny Abrahamson,"Ed Guiney,David Gross",Emma Donoghue,A24,"No Trace Camping,Element Pictures",R (Language),Drama,English,"Jan 22, 2016, Wide","May 22, 2016",$14.7M,1h 58m,Dolby Digital,,93%,"50,000+ Ratings",
25,The Last Black Man in San Francisco,2019,93%,https://www.rottentomatoes.com/m/the_last_black_man_in_san_francisco,Joe Talbot,"Jimmie Fails,Jonathan Majors,Rob Morgan,Tichina Arnold",Joe Talbot,"Dede Gardner,Jeremy Kleiner,Christina Oh,Joe Talbot","Joe Talbot,Rob Richert",A24,"A24,Plan B Entertainment",R (Language|Drug Use|Brief Nudity),Drama,English,"Jun 7, 2019, Limited","Aug 13, 2019",$4.5M,2h 1m,Dolby Digital,,84%,500+ Verified Ratings,
26,Pearl,2022,93%,https://www.rottentomatoes.com/m/pearl_2022,Ti West,"Mia Goth,David Corenswet,Tandi Wright,Matthew Sunderland",Ti West,"Jacob Jaffke,Harrison Kreiss,Kevin Turen,Ti West","Ti West,Mia Goth",A24,"Universal Studios Inc.,A24,BRON Creative,Little Lamb",R,"Horror,Mystery & Thriller,Comedy",English,"Sep 16, 2022, Wide","Oct 25, 2022",$8.2M,1h 42m,Dolby Atmos,Scope (2.35:1),83%,500+ Verified Ratings,
27,Ex Machina,2014,92%,https://www.rottentomatoes.com/m/ex_machina,Alex Garland,"Domhnall Gleeson,Oscar Isaac,Alicia Vikander,Sonoya Mizuno",Alex Garland,"Andrew Macdonald,Allon Reich",Alex Garland,A24,DNA Films,R (Language|Graphic Nudity|Sexual References|Some Violence),"Sci-Fi,Mystery & Thriller,Drama",English,"Apr 24, 2015, Wide","Jun 28, 2016",$25.4M,1h 48m,"SDDS,Dolby Digital,Datasat",Scope (2.35:1),86%,"50,000+ Ratings",
28,Saint Maud,2019,92%,https://www.rottentomatoes.com/m/saint_maud,Rose Glass,"Morfydd Clark,Jennifer Ehle,Lily Frazer,Lily Knight",Rose Glass,"Oliver Kassman,Andrea Cornwell",Rose Glass,A24,Film4,R (Language|Disturbing and Violent Content|Sexual Content),Horror,English,"Jan 29, 2021, Limited","Feb 12, 2021",,1h 24m,,Scope (2.35:1),67%,500+ Ratings,
29,The Humans,2021,92%,https://www.rottentomatoes.com/m/the_humans,Stephen Karam,"Richard Jenkins,Amy Schumer,Steven Yeun,Jayne Houdyshell",Stephen Karam,"Stephen Karam,Louise Lovegrove",Stephen Karam,A24,A24,R (Some Sexual Material|Language),"Holiday,Comedy,Drama",English,"Nov 24, 2021, Limited","Nov 24, 2021",,1h 48m,,Flat (1.85:1),45%,250+ Ratings,
30,The End of the Tour,2015,92%,https://www.rottentomatoes.com/m/the_end_of_the_tour_2015,James Ponsoldt,"Jesse Eisenberg,Jason Segel,Becky Ann Baker,Anna Chlumsky",James Ponsoldt,"David Kanter,Matt DeRoss,James Dahl,Mark C. Manuel,Ted O'Neal",Donald Margulies,A24,Anonymous Content,R (Some Sexual References|Language),Drama,English,"Jul 31, 2015, Limited","Aug 15, 2016",$3.0M,1h 46m,Dolby Digital,,82%,"10,000+ Ratings",
31,In Fabric,2018,92%,https://www.rottentomatoes.com/m/in_fabric,Peter Strickland,"Marianne Jean-Baptiste,Sidse Babett Knudsen,Hayley Squires,Leo Bill",Peter Strickland,Andrew Starke,Peter Strickland,A24,"Rook Films,BBC Films",R (Strong Sexual Content|Some Bloody Images|A Scene of Aberrant Behavior),"Horror,Comedy",English (United Kingdom),"Dec 6, 2019, Limited","Nov 19, 2019",$25.0K,1h 58m,,Scope (2.35:1),52%,250+ Ratings,
32,Slow West,2015,92%,https://www.rottentomatoes.com/m/slow_west_2015,John Maclean,"Michael Fassbender,Kodi Smit-McPhee,Ben Mendelsohn,Caren Pistorius",John Maclean,"Rachel Gardner,Iain Canning,Emile Sherman,Conor McCaughan",John Maclean,A24,"See-Saw Films,Rachel Gardner Films,DMC Film",R (Violence|Brief Language),"Western,Mystery & Thriller",English,"May 15, 2015, Limited","Oct 16, 2016",$215.6K,1h 31m,,,74%,"10,000+ Ratings",
33,A Prayer Before Dawn,2017,92%,https://www.rottentomatoes.com/m/a_prayer_before_dawn,Jean-Stéphane Sauvaire,"Joe Cole,Billy Moore,Pornchanok Mabklang,Panya Yimmumphai",Jean-Stéphane Sauvaire,"Rita Dagher,Nicholas Simon,Roy Boulter,Sol Papadopoulos","Jonathan Hirschbein,Nick Saltrese",A24,"Senorita Films,HanWay Films,Indochina Productions",R (Language Throughout|Drug Use|A Brutal Rape Sequence|Some Sexual Content and Nudity|Strong Violence),"Action,Mystery & Thriller",English,"Aug 10, 2018, Limited","Aug 7, 2018",$14.5K,1h 57m,,Scope (2.35:1),75%,"1,000+ Ratings",
34,The Disaster Artist,2017,91%,https://www.rottentomatoes.com/m/the_disaster_artist,James Franco,"James Franco,Dave Franco,Seth Rogen,Zac Efron",James Franco,"James Franco,Evan Goldberg,Vince Jolivette,Seth Rogen,James Weaver","Scott Neustadter,Michael H. Weber",A24,"Rabbit Bandini Productions,New Line Cinema,Point Grey,Good Universe",R (Some Sexuality/Nudity|Language Throughout),"Comedy,Drama",English,"Dec 8, 2017, Wide","Feb 17, 2018",$21.1M,1h 43m,"Dolby Atmos,Dolby Digital",Scope (2.35:1),85%,"10,000+ Ratings",
35,Uncut Gems,2019,91%,https://www.rottentomatoes.com/m/uncut_gems,Benny Safdie,"Adam Sandler,LaKeith Stanfield,Julia Fox,Kevin Garnett","Benny Safdie,Josh Safdie","Sebastian Bear-McClard,Oscar Boyson","Benny Safdie,Ronald Bronstein,Josh Safdie",A24,"Elara Pictures,Sikelia Productions,Scott Rudin Productions",R (Pervasive Strong Language|Brief Drug Use|Some Sexual Content|Violence),"Mystery & Thriller,Comedy",English,"Dec 25, 2019, Wide","Dec 13, 2019",$50.0M,2h 15m,"Dolby Atmos,Dolby Digital",Digital 2.39:1,52%,"10,000+ Verified Ratings","May 22, 2024"
36,A Ghost Story,2017,91%,https://www.rottentomatoes.com/m/a_ghost_story,David Lowery,"Casey Affleck,Rooney Mara,Kenneisha Thompson,Grover Coulson",David Lowery,"Toby Halbrooks,James M. Johnston,Adam Donaghey",David Lowery,A24,Scared Sheetless,R (Brief Language|A Disturbing Image),"Drama,Fantasy,Romance",English,"Jul 7, 2017, Limited","Jul 10, 2017",$1.6M,1h 30m,,,67%,"10,000+ Ratings",
37,Good Time,2017,91%,https://www.rottentomatoes.com/m/good_time,Josh Safdie,"Robert Pattinson,Jennifer Jason Leigh,Barkhad Abdi,Benny Safdie","Josh Safdie,Benny Safdie","Sebastian Bear-McClard,Oscar Boyson,Paris Kassidokostas-Latsis,Jean-Luc De Fanti,Terry Dougas","Josh Safdie,Ronald Bronstein",A24,"Elara Pictures,Rhea Films",R (Language Throughout|Drug Use|Sexual Content|Violence),"Mystery & Thriller,Crime,Drama",English,"Aug 25, 2017, Wide","Nov 7, 2017",$2.0M,1h 41m,,Scope (2.35:1),82%,"5,000+ Ratings",
38,Dream Scenario,2023,91%,https://www.rottentomatoes.com/m/dream_scenario,Kristoffer Borgli,"Nicolas Cage,Lily Bird,Julianne Nicholson,Jessica Clement",Kristoffer Borgli,"Ari Aster,Tyler Campellone,Jacob Jaffke,Lars Knudsen,Nicolas Cage",Kristoffer Borgli,A24,Square Peg,R (Some Sexual Content|Language|Violence),"Comedy,Drama,Mystery & Thriller,Horror",English,"Nov 22, 2023, Wide","Dec 22, 2023",$4.9M,1h 42m,Dolby Digital,Flat (1.85:1),68%,100+ Verified Ratings,
39,Locke,2013,91%,https://www.rottentomatoes.com/m/locke,Steven Knight,"Tom Hardy,Ruth Wilson,Andrew Scott,Tom Holland",Steven Knight,"Paul Webster,Guy Heeley",Steven Knight,A24,"IM Global,Shoebox Films",R (Language Throughout),Drama,English,"Apr 25, 2014, Limited","May 23, 2016",$1.4M,1h 24m,,,72%,"25,000+ Ratings",
40,The Spectacular Now,2013,91%,https://www.rottentomatoes.com/m/the_spectacular_now,James Ponsoldt,"Miles Teller,Shailene Woodley,Brie Larson,Jennifer Jason Leigh",James Ponsoldt,"Michelle Krumm,Andrew Lauren,Shawn Levy,Tom McNulty","Scott Neustadter,Michael H. Weber",A24,Andrew Lauren Productions,R (All Involving Teens|Alcohol Use|Language|Some Sexuality),"Comedy,Drama",English,"Aug 2, 2013, Limited","Aug 9, 2016",$6.9M,1h 35m,,,76%,"25,000+ Ratings",
41,Close,2022,91%,https://www.rottentomatoes.com/m/close_2022,Lukas Dhont,"Eden Dambrine,Gustav De Waele,Émilie Dequenne,Léa Drucker",Lukas Dhont,"Michiel Dhont,Dirk Impens","Lukas Dhont,Angelo Tijssens",A24,"Topkapi Films,Menuet Producties,Diaphana Films,Versus Production",PG-13 (Suicide|Brief Strong Language|Thematic Material),Drama,French (France),"Dec 2, 2022, Limited",,,1h 45m,,1.66:1,88%,500+ Ratings,
42,Mississippi Grind,2015,91%,https://www.rottentomatoes.com/m/mississippi_grind,Ryan Fleck,"Ryan Reynolds,Ben Mendelsohn,Sienna Miller,Lio Tipton","Ryan Fleck,Anna Boden","Tom Rice,Ben Nearn,Jamie Patricof,Lynette Howell Taylor","Ryan Fleck,Anna Boden",A24,"Electric City Entertainment,Gowanus Projections",R (Language),Drama,English,"Sep 25, 2015, Limited","Aug 15, 2016",$129.7K,1h 48m,Dolby,,55%,"5,000+ Ratings",
43,The Lighthouse,2019,90%,https://www.rottentomatoes.com/m/the_lighthouse_2019,Robert Eggers,"Robert Pattinson,Willem Dafoe,Valeriia Karaman,Logan Hawkes",Robert Eggers,"Jay Van Hoy,Lourenço Sant' Anna,Youree Henley,Rodrigo Teixeira","Robert Eggers,Max Eggers",A24,"Harbor Picture Company,A24,Topsail Entertainment,RT Features",R (Nudity|Disturbing Images|Sexual Content|Some Language|Violence),"Mystery & Thriller,Drama",English,"Oct 25, 2019, Wide","Oct 18, 2019",$10.9M,1h 50m,,,72%,"1,000+ Verified Ratings",
44,Hereditary,2018,90%,https://www.rottentomatoes.com/m/hereditary,Ari Aster,"Toni Collette,Gabriel Byrne,Alex Wolff,Ann Dowd",Ari Aster,"Kevin Scott Frakes,Lars Knudsen,Buddy Patrick",Ari Aster,A24,PalmStar Media,R (Disturbing Images|Brief Graphic Nudity|Drug Use|Horror Violence|Language),"Horror,Mystery & Thriller",English,"Jun 8, 2018, Wide","Aug 21, 2018",$44.1M,2h 7m,Dolby Digital,,70%,"10,000+ Ratings",
45,The Witch,2015,90%,https://www.rottentomatoes.com/m/the_witch_2016,Robert Eggers,"Anya Taylor-Joy,Ralph Ineson,Kate Dickie,Harvey Scrimshaw",Robert Eggers,"Jay Van Hoy,Lars Knudsen,Jodi Redmond,Daniel Bekerman,Rodrigo Teixeira",Robert Eggers,A24,,R (Graphic Nudity|Disturbing Violent Content),"Horror,History,Drama",English,"Feb 19, 2016, Wide","May 17, 2016",$25.1M,1h 32m,,,60%,"25,000+ Ratings","Apr 1, 2016"
46,Green Room,2015,90%,https://www.rottentomatoes.com/m/green_room_2016,Jeremy Saulnier,"Anton Yelchin,Imogen Poots,Alia Shawkat,Joe Cole",Jeremy Saulnier,"Neil Kopp,Anish Savjani,Victor Moyers",Jeremy Saulnier,A24,"Broad Green Pictures,Filmscience",R (Language|Gory Images|Some Drug Content|Strong Brutal Graphic Violence),"Mystery & Thriller,Horror",English,"Apr 29, 2016, Wide","Jul 27, 2016",$3.2M,1h 34m,,,75%,"10,000+ Ratings",
47,A Most Violent Year,2014,90%,https://www.rottentomatoes.com/m/a_most_violent_year,J.C. Chandor,"Oscar Isaac,Jessica Chastain,David Oyelowo,Alessandro Nivola",J.C. Chandor,"Neal Dodson,Anna Gerb,J.C. Chandor",J.C. Chandor,A24,"Before the Door,Old Bull Pictures,Washingston Square Films",R (Some Violence|Language),"Crime,Drama,Mystery & Thriller",English,"Dec 31, 2014, Limited","Mar 10, 2016",$5.7M,2h 4m,Dolby Digital,,69%,"25,000+ Ratings",
48,Gloria Bell,2018,90%,https://www.rottentomatoes.com/m/gloria_bell,Sebastián Lelio,"Julianne Moore,John Turturro,Michael Cera,Brad Garrett",Sebastián Lelio,"Juan de Dios Larraín,Pablo Larraín,Sebastián Lelio",Sebastián Lelio,A24,Fabula,R (Nudity|Language|Sexuality|Some Drug Use),"Romance,Comedy",English,"Mar 22, 2019, Wide","May 21, 2019",$5.6M,1h 42m,,Scope (2.35:1),47%,500+ Ratings,
49,Red Rocket,2021,90%,https://www.rottentomatoes.com/m/red_rocket,Sean Baker,"Simon Rex,Suzanna Son,Bree Elrod,Brenda Deiss",Sean Baker,"Sean Baker,Alex Coco,Samantha Quan,Alex Saks,Shih-Ching Tsou","Sean Baker,Chris Bergoch",A24,"Cre Film,FilmNation Entertainment",R (Graphic Nudity|Drug Use|Pervasive Language|Strong Sexual Content),"Comedy,Drama",English,"Dec 3, 2021, Limited","Mar 1, 2022",$825.0K,2h 8m,,Scope (2.35:1),75%,500+ Ratings,
50,Lean on Pete,2017,90%,https://www.rottentomatoes.com/m/lean_on_pete,Andrew Haigh,"Charlie Plummer,Chloë Sevigny,Steve Zahn,Justin Rain",Andrew Haigh,Tristan Goligher,Andrew Haigh,A24,The Bureau,R (Language and Brief Violence),Drama,English (United Kingdom),"Apr 6, 2018, Limited","Jul 3, 2018",$1.2M,2h 2m,,Flat (1.85:1),74%,"1,000+ Ratings",
51,Obvious Child,2014,90%,https://www.rottentomatoes.com/m/obvious_child,Gillian Robespierre,"Jenny Slate,Jake Lacy,Gaby Hoffmann,Gabe Liedman",Gillian Robespierre,Elisabeth Holm,Gillian Robespierre,A24,"Rooks Nest Entertainment,Sundial Pictures",R (Sexual Content|Language),Comedy,English,"Jun 6, 2014, Limited","May 23, 2016",$3.1M,1h 23m,,,72%,"10,000+ Ratings",
52,The Souvenir Part II,2021,90%,https://www.rottentomatoes.com/m/the_souvenir_part_ii,Joanna Hogg,"Honor Swinton Byrne,Jaygann Ayeh,Tilda Swinton,Richard Ayoade",Joanna Hogg,"Ed Guiney,Joanna Hogg,Andrew Lowe,Emma Norton,Luke Schiller",Joanna Hogg,A24,"JWH Films,BBC Films,Element Pictures,BFI Film Fund,Protagonist Pictures",R (Some Strong Sexuality|Language),"Drama,Romance",English,"Oct 29, 2021, Limited","Mar 21, 2022",$26.0K,1h 46m,,,86%,Fewer than 50 Verified Ratings,
53,After Yang,2021,90%,https://www.rottentomatoes.com/m/after_yang,Kogonada,"Colin Farrell,Jodie Turner-Smith,Justin H. Min,Malea Emma Tjandrawidjaja",Kogonada,"Andrew Goldman,Caroline Kaplan,Paul Mezey,Theresa Park",Kogonada,A24,"Cinereach,Per Capita Productions,A24",PG (Some Thematic Elements|Language),"Sci-Fi,Drama",English,"Mar 4, 2022, Limited","Mar 4, 2022",,1h 41m,,Scope (2.35:1),69%,250+ Ratings,
54,The Souvenir,2019,90%,https://www.rottentomatoes.com/m/the_souvenir,Joanna Hogg,"Honor Swinton Byrne,Tom Burke,Tilda Swinton,Richard Ayoade",Joanna Hogg,"Joanna Hogg,Luke Schiller",Joanna Hogg,A24,"BBC Films,BFI Film Fund,Sikelia Productions",R (Language|Graphic Nudity|Drug Material|Some Sexuality),"Romance,Drama",English,"May 17, 2019, Limited","Jul 30, 2019",$1.0M,1h 59m,,,36%,500+ Ratings,
55,God's Creatures,2022,89%,https://www.rottentomatoes.com/m/gods_creatures,Saela Davis,"Emily Watson,Paul Mescal,Aisling Franciosi,Declan Conlon","Saela Davis,Anna Rose Holmer",Fodhla Cronin O'Reilly,"Shane Crowley,Fodhla Cronin O'Reilly",A24,"Screen Ireland,Nine Daughters,BBC Film,A24,WRAP Fund",R (Language),"Mystery & Thriller,Drama",English,"Sep 30, 2022, Limited","Sep 30, 2022",,1h 40m,,Scope (2.35:1),56%,50+ Ratings,
56,The Green Knight,2021,89%,https://www.rottentomatoes.com/m/the_green_knight,David Lowery,"Dev Patel,Alicia Vikander,Joel Edgerton,Sarita Choudhury",David Lowery,"Tim Headington,Toby Halbrooks,James M. Johnston,Theresa Steele Page",David Lowery,A24,"Wild Atlantic Pictures,Sailor Bear,A24,BRON Creative,Ley Line Entertainment,Creative Wealth Media Finance",R (Some Sexuality|Graphic Nudity|Violence),"Fantasy,Adventure",English,"Jul 30, 2021, Wide","Aug 19, 2021",$17.0M,2h 5m,Dolby Digital,Flat (1.85:1),50%,"1,000+ Verified Ratings","Dec 10, 2021"
57,The Iron Claw,2023,89%,https://www.rottentomatoes.com/m/the_iron_claw_2023,Sean Durkin,"Zac Efron,Jeremy Allen White,Harris Dickinson,Stanley Simons",Sean Durkin,"Tessa Ross,Juliette Howell,Angus Lamont,Sean Durkin,Derrin Schlesinger",Sean Durkin,A24,"BBC Film,House Productions,Access Entertainment",R (Language|Drug Use|Some Sexuality|Suicide),"Drama,Action,Biography,Sports",English,"Dec 22, 2023, Wide","Feb 13, 2024",$34.7M,2h 12m,Dolby Digital,Flat (1.85:1),94%,"1,000+ Verified Ratings",
58,All Dirt Roads Taste of Salt,2023,89%,https://www.rottentomatoes.com/m/all_dirt_roads_taste_of_salt,Raven Jackson,"Charleen McClure,Moses Ingram,Kaylee Nicole Johnson,Reginald Helms Jr.",Raven Jackson,"Maria Altamirano,Barry Jenkins,Adele Romanski,Mark Ceryak",Raven Jackson,A24,"Pastel,A24",PG (Brief Sensuality|Thematic Content),Drama,English,"Nov 3, 2023, Limited",,,1h 32m,,,60%,Fewer than 50 Ratings,
59,It Comes at Night,2017,88%,https://www.rottentomatoes.com/m/it_comes_at_night,Trey Edward Shults,"Joel Edgerton,Christopher Abbott,Carmen Ejogo,Riley Keough",Trey Edward Shults,"David Kaplan,Andrea Roa",Trey Edward Shults,A24,Animal Kingdom,R (Language|Disturbing Images|Violence),"Horror,Mystery & Thriller",English,"Jun 9, 2017, Wide","Jul 10, 2017",$14.0M,1h 37m,,Scope (2.35:1),44%,"10,000+ Ratings",
60,Zola,2020,88%,https://www.rottentomatoes.com/m/zola,Janicza Bravo,"Taylour Paige,Riley Keough,Nicholas Braun,Colman Domingo",Janicza Bravo,"Christine Vachon,David Hinojosa,Gia Walsh,Kara Baker,Vince Jolivette,Elizabeth Haggard,Dave Franco","Janicza Bravo,Jeremy O. Harris",A24,"Killer Films,Ramona Films,Gigi Films",R (Graphic Nudity|A Sexual Assault|Language Throughout|Strong Sexual Content|Violence),"Comedy,Mystery & Thriller,Drama",English,"Jun 30, 2021, Wide","Sep 14, 2021",,1h 27m,,Flat (1.85:1),68%,250+ Verified Ratings,
61,20th Century Women,2016,88%,https://www.rottentomatoes.com/m/20th_century_women,Mike Mills,"Annette Bening,Elle Fanning,Greta Gerwig,Billy Crudup",Mike Mills,"Anne Carey,Megan Ellison,Youree Henley",Mike Mills,A24,"Annapurna Pictures,Modern People,Archer Gray",R (Language|Brief Drug Use|Sexual Material|Some Nudity),"Comedy,Drama",English,"Jan 20, 2017, Wide","Apr 14, 2017",$5.7M,1h 58m,Dolby Digital,,74%,"10,000+ Ratings",
62,The Inspection,2022,88%,https://www.rottentomatoes.com/m/the_inspection,Elegance Bratton,"Jeremy Pope,Raúl Castillo,McCaul Lombardi,Aaron Dominguez",Elegance Bratton,"Chester Algernal Gordon,Effie Brown",Elegance Bratton,A24,"Gamechanger Films,Doco Digital,Freedom Principle",R (Sexual Content|Language Throughout|Some Nudity|Violence),"Drama,LGBTQ+",English,"Dec 2, 2022, Wide","Dec 22, 2022",$261.0K,1h 34m,,,91%,50+ Verified Ratings,
63,Showing Up,2022,88%,https://www.rottentomatoes.com/m/showing_up_2022,Kelly Reichardt,"Michelle Williams,Hong Chau,Maryann Plunkett,John Magaro",Kelly Reichardt,"Neil Kopp,Vincent Savino,Anish Savjani","Jonathan Raymond,Kelly Reichardt,Jonathan Raymond",A24,"Film Science,Digital One,A24",R (Brief Graphic Nudity),"Comedy,Drama",English,"Apr 7, 2023, Limited",,$63.0K,1h 48m,,,49%,100+ Ratings,
64,Problemista,2023,88%,https://www.rottentomatoes.com/m/problemista,Julio Torres,"Julio Torres,Tilda Swinton,RZA,Isabella Rossellini",Julio Torres,"Emma Stone,Dave McCary,Ali Herting",Julio Torres,A24,Fruit Tree,R (Sexual Content|Some Language),Comedy,English,"Mar 22, 2024, Wide","Apr 19, 2024",$2.1M,1h 38m,"Dolby Atmos,Dolby Digital",Scope (2.35:1),84%,50+ Verified Ratings,
65,Morris From America,2016,88%,https://www.rottentomatoes.com/m/morris_from_america,Chad Hartigan,"Craig Robinson,Carla Juri,Lina Keller,Markees Christmas",Chad Hartigan,"Martin Heisler,Adele Romanski,Sara Murphy,Gabriele Simon",Chad Hartigan,A24,Lichtblick Media,R (Sexual Material|Language Throughout|Brief Nudity|Teen Drug Use and Partying),"Comedy,Drama",English,"Aug 19, 2016, Limited","Apr 14, 2017",$88.9K,1h 31m,,,60%,"1,000+ Ratings",
66,The Lobster,2015,87%,https://www.rottentomatoes.com/m/the_lobster,Yorgos Lanthimos,"Colin Farrell,Rachel Weisz,Léa Seydoux,John C. Reilly",Yorgos Lanthimos,"Ed Guiney,Lee Magiday,Ceci Dempsey,Yorgos Lanthimos","Yorgos Lanthimos,Efthimis Filippou",A24,"Element Pictures,Scarlet Films",R (Sexual Content|Dialogue|Some Violence),"Romance,Comedy,Fantasy,Drama,Sci-Fi",English,"Jun 3, 2016, Wide","Jul 27, 2016",$9.1M,1h 58m,,,65%,"25,000+ Ratings",
67,Lamb,2021,86%,https://www.rottentomatoes.com/m/lamb_2021,Valdimar Jóhannsson,"Noomi Rapace,Hilmir Snær Guðnason,Björn Hlynur Haraldsson,Ingvar Eggert Sigurðsson",Valdimar Jóhannsson,"Peter Gustafsson,Hronn Kristinsdottir,Sara Nassim,Jan Naszewski,Erik Rydell,Klaudia Śmieja","Valdimar Jóhannsson,Sjón",A24,"Madants,Film i Väst,Black Spark Film & TV,Chimney Sweden,Rabbit Hole Productions,Chimney Poland,Go to Sheep",R (Some Bloody Violent Images|Sexuality/Nudity),"Horror,Fantasy,Mystery & Thriller",Icelandic,"Oct 8, 2021, Wide","Oct 28, 2021",$2.0M,1h 46m,,Scope (2.35:1),61%,100+ Verified Ratings,
68,Bodies Bodies Bodies,2022,85%,https://www.rottentomatoes.com/m/bodies_bodies_bodies,Halina Reijn,"Amandla Stenberg,Maria Bakalova,Myha'la Herrold,Chase Sui Wonders",Halina Reijn,"David Hinojosa,Ali Herting",Sarah DeLappe,A24,"A24,2AM",R (Drug Use|Bloody Images|Pervasive Language|Sexual References|Violence),"Mystery & Thriller,Horror,Comedy,Drama",English,"Aug 12, 2022, Wide",,$10.7M,1h 35m,,Scope (2.35:1),69%,500+ Verified Ratings,
69,Priscilla,2023,84%,https://www.rottentomatoes.com/m/priscilla,Sofia Coppola,"Cailee Spaeny,Jacob Elordi,Dagmara Domińczyk,Raine Monroe Boland",Sofia Coppola,"Sofia Coppola,Lorenzo Mieli,Youree Henley",Sofia Coppola,A24,"The Apartment,American Zoetrope",R (Drug Use and Some Language),"Drama,Romance,Biography,Music",English,"Nov 3, 2023, Wide","Dec 15, 2023",$20.2M,1h 53m,Dolby Digital,Flat (1.85:1),63%,500+ Verified Ratings,
70,Under the Skin,2013,84%,https://www.rottentomatoes.com/m/under_the_skin_2013,Jonathan Glazer,"Scarlett Johansson,Jeremy McWilliams,Lynsey Taylor Mackay,Dougie McConnell",Jonathan Glazer,"Nick Wechsler,James Wilson","Jonathan Glazer,Walter Campbell",A24,,R (Language|Graphic Nudity|Sexual Content|Some Violence),Sci-Fi,English,"Apr 4, 2014, Limited","Jun 25, 2014",$2.6M,1h 48m,,,55%,"25,000+ Ratings",
71,Waves,2019,84%,https://www.rottentomatoes.com/m/waves_2019,Trey Edward Shults,"Kelvin Harrison Jr.,Taylor Russell,Sterling K. Brown,Lucas Hedges",Trey Edward Shults,"Jim Wilson,Kevin Turen",Trey Edward Shults,A24,,R (Drug and Alcohol Use|Brief Violence|Language Throughout|Some Sexual Content),Drama,English,"Nov 15, 2019, Limited","Nov 15, 2019",$1.7M,2h 15m,,Flat (1.85:1),81%,250+ Verified Ratings,
72,While We're Young,2014,84%,https://www.rottentomatoes.com/m/while_were_young,Noah Baumbach,"Ben Stiller,Naomi Watts,Adam Driver,Amanda Seyfried",Noah Baumbach,"Scott Rudin,Noah Baumbach,Lila Yacoub,Eli Bush",Noah Baumbach,A24,IACF Films,R (Language),"Comedy,Drama",English,"Apr 10, 2015, Wide","Jun 30, 2016",$7.6M,1h 34m,,,51%,"10,000+ Ratings",
73,Oasis: Supersonic,2016,84%,https://www.rottentomatoes.com/m/oasis_supersonic,Mat Whitecross,"Noel Gallagher,Liam Gallagher,Paul Arthurs,Mark Coyle",Mat Whitecross,"James Gay-Rees,Simon Halfon,Fiona Neilson",,A24,"Nemperor,Mint Pictures,Lorton Entertainment,On the Corner Films Limited",R (Some Drug Material|Pervasive Language),"Documentary,Music",English (United Kingdom),"Oct 26, 2016, Limited","Dec 20, 2016",$226.3K,1h 57m,,,87%,"1,000+ Ratings","Jul 16, 2024"
74,Midsommar,2019,83%,https://www.rottentomatoes.com/m/midsommar,Ari Aster,"Florence Pugh,Jack Reynor,William Jackson Harper,Will Poulter",Ari Aster,"Patrik Andersson,Lars Knudsen",Ari Aster,A24,Square Peg,R (Drug Use|Disturbing Ritual Violence|Strong Sexual Content|Graphic Nudity|Grisly Images|Language),"Horror,Mystery & Thriller",English,"Jul 3, 2019, Wide","Sep 24, 2019",$27.4M,2h 25m,Dolby Digital,,63%,"5,000+ Verified Ratings",
75,The Hole in the Ground,2019,83%,https://www.rottentomatoes.com/m/the_hole_in_the_ground,Lee Cronin,"Seána Kerslake,James Quinn Markey,James Cosmo,Kati Outinen",Lee Cronin,"John Keville,Conor Barry","Lee Cronin,Stephen Shields",A24,"Metrol Technology,Savage Productions,Head Gear Films,Bankside Films,Wrong Men North",R (Some Disturbing Images),"Horror,Mystery & Thriller",English (United Kingdom),"Mar 1, 2019, Limited","Feb 26, 2019",,1h 30m,,Scope (2.35:1),48%,500+ Ratings,
76,Civil War,2024,81%,https://www.rottentomatoes.com/m/civil_war_2024,Alex Garland,"Kirsten Dunst,Wagner Moura,Cailee Spaeny,Stephen Henderson",Alex Garland,"Andrew Macdonald,Allon Reich,Gregory Goodman",Alex Garland,A24,"A24,DNA Films",R (Language Throughout|Bloody/Disturbing Images|Strong Violent Content),"Action,War,Mystery & Thriller,Drama",English,"Apr 12, 2024, Wide","May 24, 2024",$68.1M,1h 49m,"Dolby Atmos,Dolby Digital",Flat (1.85:1),70%,"1,000+ Verified Ratings",
77,High Life,2018,82%,https://www.rottentomatoes.com/m/high_life_2019,Claire Denis,"Robert Pattinson,Juliette Binoche,André Benjamin,Mia Goth",Claire Denis,"Oliver Dungey,Laurence Clerc,Olivier Thery-Lapiney,Christophe Friedel,D.J. Gugenheim,Andrew Lauren,Klaudia Śmieja,Claudia Steffen","Claire Denis,Geoff Cox,Jean-Pol Fargeau",A24,"Pandora Filmproduktion,arte France Cinéma,A24,Andrew Lauren Productions,Arte,Alcatraz Films,BFI Film Fund,Madants",R (Disturbing Violent Content|Disturbing Sexual Content|Graphic Nudity|Language|Sexual Assault),"Sci-Fi,Mystery & Thriller,Adventure",English,"Apr 5, 2019, Limited","Jun 11, 2019",$1.2M,1h 53m,,,42%,"1,000+ Ratings",
78,The Lovers,2017,82%,https://www.rottentomatoes.com/m/the_lovers_2017,Azazel Jacobs,"Debra Winger,Tracy Letts,Melora Walters,Aidan Gillen",Azazel Jacobs,"Chris Stinson,Ben LeClair",Azazel Jacobs,A24,A24,R (Sexuality and Language),"Romance,Comedy",English,"May 26, 2017, Wide","Jul 10, 2017",$2.2M,1h 34m,,,42%,"2,500+ Ratings",
79,Funny Pages,2022,82%,https://www.rottentomatoes.com/m/funny_pages,Owen Kline,"Daniel Zolghadri,Matt Maher,Miles Emanuel,Maria Dizzia",Owen Kline,"Josh Safdie,Benny Safdie,Sebastian Bear-McClard,Ronald Bronstein,Oscar Boyson,David Duque-Estrada",Owen Kline,A24,Elara Pictures,R (Graphic Nudity|Crude Sexual Content|Brief Violent Images|Language),Comedy,English,"Aug 26, 2022, Limited","Aug 26, 2022",$49.0K,1h 26m,,Flat (1.85:1),50%,50+ Ratings,
80,Mid90s,2018,81%,https://www.rottentomatoes.com/m/mid90s,Jonah Hill,"Sunny Suljic,Lucas Hedges,Na-kel Smith,Gio Galicia",Jonah Hill,"Scott Rudin,Eli Bush,Ken Kao,Jonah Hill,Lila Yacoub",Jonah Hill,A24,"A24,Waypoint Entertainment",R (Drug and Alcohol Use|Disturbing Images|Pervasive Language|Sexual Content|Some Violent Behavior),"Comedy,Drama",English,"Oct 26, 2018, Wide","Dec 21, 2018",$7.4M,1h 24m,,Academy (1.33:1),81%,"2,500+ Ratings",
81,American Honey,2016,80%,https://www.rottentomatoes.com/m/american_honey,Andrea Arnold,"Sasha Lane,Riley Keough,Shia LaBeouf,McCaul Lombardi",Andrea Arnold,"Lars Knudsen,Jay Van Hoy,Pouya Shahbazian,Alice Weinberg,Thomas Benski,Lucas Ochoa",Andrea Arnold,A24,"Parts & Labor,Pulse Films",R (Graphic Nudity|Drug/Alcohol Abuse|Language Throughout|Strong Sexual Content),"Comedy,Drama",English,"Sep 30, 2016, Limited","Dec 27, 2016",$662.8K,2h 42m,,,63%,"5,000+ Ratings",
82,The Killing of a Sacred Deer,2017,79%,https://www.rottentomatoes.com/m/the_killing_of_a_sacred_deer,Yorgos Lanthimos,"Bill Camp,Raffey Cassidy,Denise Dal Vera,Colin Farrell",Yorgos Lanthimos,"Ed Guiney,Yorgos Lanthimos","Yorgos Lanthimos,Efthimis Filippou",A24,Element Pictures,R (Disturbing Violent Content|Disturbing Sexual Content|Language|Some Graphic Nudity),"Mystery & Thriller,Horror",English,"Oct 20, 2017, Limited","Dec 19, 2017",$2.3M,2h 1m,,Flat (1.85:1),63%,"10,000+ Ratings",
83,The Monster,2016,79%,https://www.rottentomatoes.com/m/the_monster_2016,Bryan Bertino,"Zoe Kazan,Scott Speedman,Ella Ballentine,Aaron Douglas",Bryan Bertino,"William Green,Aaron L. Ginsburg,Bryan Bertino,Adrienne Biddle",Bryan Bertino,A24,Atlas Independent,R (Language|Some Violence/Terror),"Horror,Mystery & Thriller,Fantasy",English,"Nov 11, 2016, Limited","Mar 9, 2017",$12.1K,1h 31m,,,40%,"2,500+ Ratings",
84,Ginger & Rosa,2012,78%,https://www.rottentomatoes.com/m/ginger_and_rosa,Sally Potter,"Elle Fanning,Alice Englert,Alessandro Nivola,Christina Hendricks",Sally Potter,Christopher Sheppard,Sally Potter,A24,"Det Danske Filminstitut,Adventure Pictures,British Film Institute,BBC Films,Miso Film",PG-13 (Drinking|Disturbing Thematic Material|Smoking|Involving Teen Choices|Language|Sexuality),"Drama,LGBTQ+",English,"Mar 15, 2013, Limited","Oct 24, 2013",$1.0M,1h 30m,,,50%,"5,000+ Ratings",
85,Skin,2018,76%,https://www.rottentomatoes.com/m/skin,Guy Nattiv,"Jamie Bell,Danielle Macdonald,Daniel Henshall,Bill Camp",Guy Nattiv,,Guy Nattiv,A24,"Lost Lane Entertainment,Brookstreet Pictures,Come What May Productions,PaperChase Films,A24,The Searchers NV,TUGAWOOD Pictures,Sight Unseen Pictures,Maven Pictures,Hua Wen Movie Group,Code Entertainment,Item 7",R (Disturbing Violent Content|Brief Drug Use|Pervasive Language|Some Sexuality),"Biography,Drama",English,"Jul 26, 2019, Limited","Jul 23, 2019",,1h 58m,,,82%,250+ Ratings,
86,The Blackcoat's Daughter,2015,75%,https://www.rottentomatoes.com/m/the_blackcoats_daughter,Oz Perkins,"Emma Roberts,Kiernan Shipka,Lucy Boynton,James Remar",Oz Perkins,"Bryan Bertino,Adrienne Biddle,Alphonse Ghossein,Robert Menzies,Rob Paris",Oz Perkins,A24,"Zed Filmworks,120dB Films",R (Brutal Bloody Violence|Brief Strong Language),"Horror,Mystery & Thriller",English,"Mar 31, 2017, Limited","Mar 28, 2017",$20.0K,1h 33m,,,51%,"2,500+ Ratings",
87,Never Goin' Back,2018,76%,https://www.rottentomatoes.com/m/never_goin_back,Augustine Frizzell,"Maia Mitchell,Camila Morrone,Kyle Mooney,Joel Allen",Augustine Frizzell,"Liz Cardenas,Toby Halbrooks,David Lowery,James M. Johnston",Augustine Frizzell,A24,Sailor Bear,R (Drug Use|All Involving Teens|Crude Sexual Content|Brief Nudity|Language Throughout),Comedy,English,"Aug 3, 2018, Limited","Oct 2, 2018",$61.1K,1h 26m,,Scope (2.35:1),64%,250+ Ratings,
88,Into the Forest,2015,76%,https://www.rottentomatoes.com/m/into_the_forest,Patricia Rozema,"Elliot Page,Evan Rachel Wood,Max Minghella,Callum Keith Rennie",Patricia Rozema,"Elliot Page,Niv Fichman,Aaron L. Gilbert",Patricia Rozema,A24,"BRON Studios,Rhombus Media",R (Language|A Scene of Violence|Rape|Some Sexuality/Nudity),"Mystery & Thriller,Drama",English,"Jul 29, 2016, Limited","Jan 10, 2017",$6.4K,1h 41m,,Flat (1.85:1),43%,"5,000+ Ratings",
89,The Exception,2016,75%,https://www.rottentomatoes.com/m/the_exception,David Leveaux,"Lily James,Jai Courtney,Christopher Plummer,Eddie Marsan",David Leveaux,"Lou Pitt,Judy Tossell",Simon Burke,A24,Ostar Productions,R (Graphic Nudity|Brief Violence|Language|Sexuality),"History,Drama,War,Romance",English,"Jun 2, 2017, Limited","May 30, 2017",$708.0K,1h 47m,,,67%,"2,500+ Ratings",
90,The Death of Dick Long,2019,74%,https://www.rottentomatoes.com/m/the_death_of_dick_long,Daniel Scheinert,"Michael Abbott Jr.,Virginia Newcomb,Andre Hyland,Sarah Baker",Daniel Scheinert,"Daniel Scheinert,Melodie Sisk,Jonathan Wang",Billy Chew,A24,A24,R (Brief Drug Use|Pervasive Language|Disturbing Sexual Material),"Comedy,Drama",English,"Sep 27, 2019, Limited","Sep 17, 2019",,1h 40m,,,86%,Fewer than 50 Verified Ratings,
91,Enemy,2013,72%,https://www.rottentomatoes.com/m/enemy_2013,Denis Villeneuve,"Jake Gyllenhaal,Mélanie Laurent,Isabella Rossellini,Sarah Gadon",Denis Villeneuve,"Niv Fichman,Miguel A. Faura",Javier Gullón,A24,,R (Language|Graphic Nudity|Some Strong Sexual Content),Mystery & Thriller,English,"Mar 14, 2014, Limited","Apr 22, 2014",$1.0M,1h 30m,,,64%,"25,000+ Ratings",
92,Medusa Deluxe,2022,72%,https://www.rottentomatoes.com/m/medusa_deluxe,Thomas Hardiman,"Anita-Joy Uwajeh,Clare Perkins,Darrell D'Silva,Debris Stevenson",Thomas Hardiman,"Michael Elliott,Lee Groombridge,Louise Palmkvist","Thomas Hardiman,Thomas Hardiman",A24,"BFI Films,BBC Film,EMU Films",,"Drama,Mystery & Thriller",English (United Kingdom),"Aug 11, 2023, Limited","Aug 11, 2023",,1h 40m,,,47%,Fewer than 50 Ratings,
93,I Saw the TV Glow,2024,86%,https://www.rottentomatoes.com/m/i_saw_the_tv_glow,Jane Schoenbrun,"Justice Smith,Brigette Lundy-Paine,Ian Foreman,Helena Howard",Jane Schoenbrun,"Emma Stone,Dave McCary,Ali Herting,Sam Intili,Sarah Winshall",Jane Schoenbrun,A24,A24,PG-13 (Violent Content|Some Sexual Material|Thematic Elements|Teen Smoking),"Sci-Fi,Horror,Drama,LGBTQ+,Mystery & Thriller",English,"May 17, 2024, Wide",,$2.9M,1h 40m,"Dolby Atmos,Dolby Digital",Flat (1.85:1),69%,100+ Verified Ratings,
94,The Ballad of Lefty Brown,2017,80%,https://www.rottentomatoes.com/m/the_ballad_of_lefty_brown,Jared Moshe,"Bill Pullman,Kathy Baker,Jim Caviezel,Tommy Flanagan",Jared Moshe,"Edward Parks,Neda Armian,Dan Burks,Jared Moshe",Jared Moshe,A24,Armian Pictures,R (Violence and Some Language),Western,English,"Dec 15, 2017, Limited","Dec 12, 2017",$5.6K,1h 51m,,,55%,500+ Ratings,
95,The Children Act,2017,74%,https://www.rottentomatoes.com/m/the_children_act,Richard Eyre,"Emma Thompson,Fionn Whitehead,Stanley Tucci,Ben Chaplin",Richard Eyre,Duncan Kenworthy,Ian McEwan,A24,Toledo Productions,R (A Sexual Reference),Drama,English (United Kingdom),"Sep 14, 2018, Limited","Sep 11, 2018",$432.5K,1h 45m,,Flat (1.85:1),63%,500+ Ratings,
96,Low Tide,2019,73%,https://www.rottentomatoes.com/m/low_tide_2018,Kevin McMullin,"Keean Johnson,Alex Neustaedter,Daniel Zolghadri,Kristine Froseth",Kevin McMullin,"Rian Cahill,Brian Kavanaugh-Jones,Brendan McHugh,Richard Peete",Kevin McMullin,A24,"Automatik Entertainment,Neighborhood Watch",R (Language|Teen Drug Use|Some Violence),Drama,English,"Oct 4, 2019, Limited","Sep 10, 2019",,1h 26m,,,65%,50+ Ratings,
97,Swiss Army Man,2016,72%,https://www.rottentomatoes.com/m/swiss_army_man,Daniel Scheinert,"Paul Dano,Daniel Radcliffe,Mary Elizabeth Winstead,Antonia Ribero","Daniel Scheinert,Dan Kwan","Jonathan Wang,Lawrence Inglee,Miranda Bailey,Amanda Marshall,Eyal Rimmon,Lauren Mann","Daniel Scheinert,Dan Kwan",A24,"Blackbird Productions,Tadmor,Cold Iron Pictures",R (Language and Sexual Material),"Comedy,Adventure,Fantasy",English,"Jul 1, 2016, Wide","Sep 23, 2016",$4.3M,1h 35m,Dolby Atmos,,72%,"10,000+ Ratings",
98,The Kill Team,2019,70%,https://www.rottentomatoes.com/m/the_kill_team_2019,Dan Krauss,"Nat Wolff,Alexander Skarsgård,Adam Long,Jonathan Whitesell",Dan Krauss,"Adrián Guerra,Wyck Godfrey,Marty Bowen",Dan Krauss,A24,"Mongrel Media,Nostromo Pictures,A24,Temple Hill Entertainment",R (Language Throughout|Drug Use|Violent Content),"War,Drama",English,"Oct 25, 2019, Limited","Oct 22, 2019",,1h 27m,,Scope (2.35:1),42%,100+ Ratings,
99,Men,2022,69%,https://www.rottentomatoes.com/m/men_2022,Alex Garland,"Jessie Buckley,Rory Kinnear,Paapa Essiedu,Gayle Rankin",Alex Garland,"Andrew Macdonald,Allon Reich,Scott Rudin,Eli Bush",Alex Garland,A24,"A24,DNA Films",R (Graphic Nudity|Disturbing and Violent Content|Grisly Images|Language),"Horror,Drama,Sci-Fi",English (United Kingdom),"May 20, 2022, Wide","Aug 9, 2022",$7.4M,1h 40m,Dolby Digital,Flat (1.85:1),39%,250+ Verified Ratings,
100,Free Fire,2016,69%,https://www.rottentomatoes.com/m/free_fire,Ben Wheatley,"Sharlto Copley,Armie Hammer,Brie Larson,Cillian Murphy",Ben Wheatley,Andrew Starke,"Amy Jump,Ben Wheatley",A24,Rook Films,R (Pervasive Language|Drug Use|Sexual References|Strong Violence),"Action,Comedy",English,"Apr 21, 2017, Wide","Jul 4, 2017",$1.8M,1h 26m,,Scope (2.35:1),52%,"5,000+ Ratings",
101,Climax,2018,69%,https://www.rottentomatoes.com/m/climax,Gaspar Noé,"Sofia Boutella,Romain Guillermic,Souheila Yacoub,Kiddy Smile",Gaspar Noé,"Edouard Weil,Vincent Maraval,Brahim Chioua,Richard Grandpierre",Gaspar Noé,A24,"arte France Cinéma,Eskwad,Wild Bunch,Les Cinémas de la Zone,Rectangle Productions,KNM",R (Disturbing Content|A Combination of Drug Use|Violent Behavior|Language|Some Graphic Nudity|Strong Sexuality),"Drama,Music,Horror",French (France),"Mar 1, 2019, Limited","May 7, 2019",$813.8K,1h 35m,,Scope (2.35:1),66%,"1,000+ Ratings",
102,Remember,2015,69%,https://www.rottentomatoes.com/m/remember_2016,Atom Egoyan,"Christopher Plummer,Martin Landau,Henry Czerny,Dean Norris",Atom Egoyan,"Robert Lantos,Ari Lantos",Benjamin August,A24,Serendipity Point Films,R (Language|A Sequence of Violence),"Mystery & Thriller,Drama",English,"Mar 11, 2016, Limited","Aug 15, 2016",$1.2M,1h 35m,,,79%,"2,500+ Ratings",
103,The Rover,2014,68%,https://www.rottentomatoes.com/m/the_rover,David Michôd,"Guy Pearce,Robert Pattinson,Scoot McNairy,David Field",David Michôd,"Liz Watts,David Linde,David Michôd",David Michôd,A24,"Porchlight Films,Lava Bear Films",R (Some Bloody Violence|Language),"Drama,Mystery & Thriller",English,"Jun 20, 2014, Wide","Dec 23, 2014",$1.1M,1h 42m,Dolby Digital,,51%,"10,000+ Ratings",
104,Spring Breakers,2012,68%,https://www.rottentomatoes.com/m/spring_breakers_2013,Harmony Korine,"James Franco,Vanessa Hudgens,Selena Gomez,Ashley Benson",Harmony Korine,"Charles-Marie Anthonioz,Jordan Gertner,Chris Hanley,David Zander",Harmony Korine,A24,"Muse Productions,Radar Pictures,Rabbit Bandini Productions",R (Language|Drug Use|Nudity|Strong Sexual Content|Violence Throughout),"Comedy,Crime,Drama",English,"Mar 15, 2013, Limited","Aug 18, 2016",$14.1M,1h 34m,,,38%,"50,000+ Ratings",
105,Beau Is Afraid,2023,67%,https://www.rottentomatoes.com/m/beau_is_afraid,Ari Aster,"Joaquin Phoenix,Nathan Lane,Amy Ryan,Parker Posey",Ari Aster,"Lars Knudsen,Ari Aster",Ari Aster,A24,"MTL Grandé Studios,A24,IPR.VC,Access Entertainment,Square Peg",R (Graphic Nudity|Drug Use|Language|Sexual Content|Strong Violent Content),"Adventure,Horror,Mystery & Thriller,Comedy,Drama",English,"Apr 21, 2023, Wide","Jun 13, 2023",$8.1M,2h 59m,Dolby Digital,Flat (1.85:1),71%,250+ Verified Ratings,
106,Dicks: The Musical,2023,68%,https://www.rottentomatoes.com/m/dicks_the_musical,Larry Charles,"Megan Mullally,Nathan Lane,Megan Thee Stallion,Bowen Yang",Larry Charles,"Peter Chernin,Kori Adelson,Larry Charles","Aaron Jackson,Josh Sharp",A24,Chernin Entertainment,R (Pervasive Language|Graphic Nudity|Brief Drug Use|Strong Crude Sexual Content),"Musical,Comedy",English,"Oct 20, 2023, Wide","Nov 10, 2023",$1.2M,1h 26m,,,66%,50+ Verified Ratings,
107,Laggies,2014,65%,https://www.rottentomatoes.com/m/laggies,Lynn Shelton,"Keira Knightley,Chloë Grace Moretz,Sam Rockwell,Ellie Kemper",Lynn Shelton,"Steve Golin,Alix Madigan,Rosalie Swedlin,Myles Nestel",Andrea Seigel,A24,"Anonymous Content,The Solution Entertainment Group",R (Some Sexual Material|Language|Teen Partying),"Comedy,Drama,Romance",English,"Oct 24, 2014, Wide","Aug 15, 2016",$440.3K,1h 40m,,,50%,"5,000+ Ratings",
108,The Whale,2022,64%,https://www.rottentomatoes.com/m/the_whale_2022,Darren Aronofsky,"Brendan Fraser,Sadie Sink,Hong Chau,Ty Simpkins",Darren Aronofsky,,Samuel D. Hunter,A24,Protozoa Pictures,R (Sexual Content|Language|Some Drug Use),Drama,English,"Dec 21, 2022, Wide","Feb 21, 2023",$17.2M,1h 57m,Dolby Digital,,91%,"1,000+ Verified Ratings",
109,Stars at Noon,2022,63%,https://www.rottentomatoes.com/m/stars_at_noon,Claire Denis,"Margaret Qualley,Joe Alwyn,Danny Ramirez,Benny Safdie",Claire Denis,Olivier Delbosc,"Claire Denis,Andrew Litvack,Léa Mysius,Denis Johnson",A24,"September Film Distribution,Ad Vitam,Arte France Cinema,Curiosa Films,Barnstormer Productions,Hypatia Films",R (Nudity|Language|Sexual Content|Some Violence),"Drama,Mystery & Thriller,Romance",English,"Oct 14, 2022, Limited","Oct 14, 2022",$36.0K,2h 17m,Digital 5.1,Digital 2.39:1,14%,Fewer than 50 Verified Ratings,
110,When You Finish Saving the World,2022,62%,https://www.rottentomatoes.com/m/when_you_finish_saving_the_world,Jesse Eisenberg,"Julianne Moore,Finn Wolfhard,Billy Bryk,Alisha Boe",Jesse Eisenberg,"Ali Herting,Dave McCary,Emma Stone",Jesse Eisenberg,A24,"CAA Media Finance,Universal Films,Fruit Tree Media",R (Language),"Comedy,Drama",English,"Jan 20, 2023, Wide",,,1h 28m,Dolby Digital,Flat (1.85:1),73%,Fewer than 50 Verified Ratings,
111,Son of a Gun,2014,62%,https://www.rottentomatoes.com/m/son_of_a_gun_2015,Julius Avery,"Brenton Thwaites,Ewan McGregor,Alicia Vikander,Matt Nable",Julius Avery,Timothy White,Julius Avery,,Southern Light,R (Language Throughout|Drug Use|Nudity|Some Sexuality|Violence),"Mystery & Thriller,Crime,Drama",English (United Kingdom),,"Dec 1, 2015",,1h 48m,,,63%,"5,000+ Ratings",
112,The Bling Ring,2013,60%,https://www.rottentomatoes.com/m/the_bling_ring_2013,Sofia Coppola,"Israel Broussard,Katie Chang,Taissa Farmiga,Claire Julien",Sofia Coppola,"Youree Henley,Roman Coppola,Sofia Coppola",Sofia Coppola,A24,"American Zoetrope,Nala Films",R (Some Sexual References|Language|Teen Drug and Alcohol Use),"Crime,Drama,Comedy",English,"Jun 14, 2013, Limited","Aug 30, 2016",$5.8M,1h 30m,,,33%,"25,000+ Ratings",
113,Under the Silver Lake,2018,59%,https://www.rottentomatoes.com/m/under_the_silver_lake,David Robert Mitchell,"Andrew Garfield,Riley Keough,Topher Grace,Patrick Fischler",David Robert Mitchell,"Chris Bender,Michael De Luca,Adele Romanski,Jake Weiner",David Robert Mitchell,A24,"Salem Street Entertainment,A24,Pastel,Vendian Entertainment,Mongrel Media",R (Language Throughout|Graphic Nudity|Some Drug Use|Strong Sexual Content|Violence),"Mystery & Thriller,Comedy",English,"Apr 19, 2019, Limited","Apr 23, 2019",$35.3K,2h 19m,,Scope (2.35:1),59%,500+ Ratings,
114,Woman Walks Ahead,2017,59%,https://www.rottentomatoes.com/m/woman_walks_ahead,Susanna White,"Jessica Chastain,Michael Greyeyes,Ciarán Hinds,Sam Rockwell",Susanna White,"Andrea Calderwood,Marshall Herskovitz,Erika Olde,Richard Solomon,Edward Zwick",Steven Knight,A24,"Lipsync Productions,Black Bicycle Entertainment,Potboiler Productions,The Bedford Falls Company",R (Brief Violence and Language),"Western,History,Drama",English,"Jun 29, 2018, Limited","Jun 26, 2018",$34.5K,1h 42m,,,62%,250+ Ratings,
115,The Last Movie Star,2017,59%,https://www.rottentomatoes.com/m/the_last_movie_star,Adam Rifkin,"Burt Reynolds,Ariel Winter,Chevy Chase,Clark Duke",Adam Rifkin,"Brian Cavallaro,Neil Mandt,Adam Rifkin,Gordon Whitener",Adam Rifkin,,Broken Twig Productions Inc.,,"Comedy,Drama",English,,"Mar 27, 2018",$8.0K,1h 47m,,,73%,250+ Ratings,
116,Trespass Against Us,2016,57%,https://www.rottentomatoes.com/m/trespass_against_us_2017,Adam Smith,"Michael Fassbender,Brendan Gleeson,Sean Harris,Lyndsey Marshal",Adam Smith,"Andrea Calderwood,Gail Egan,Alastair Siddons",Alastair Siddons,A24,"Potboiler Productions,Film4",R (Pervasive Language|Brief Graphic Nudity|Some Disturbing Behavior),"Crime,Drama,Mystery & Thriller",English,"Jan 20, 2017, Limited","Feb 16, 2017",,1h 40m,,,26%,"1,000+ Ratings",
117,Slice,2018,52%,https://www.rottentomatoes.com/m/slice_2018,Austin Vesely,"Zazie Beetz,Chance the Rapper,Rae Gray,Marilyn Dodds Frank",Austin Vesely,"Brandon Riley,Kevin McGrail",Austin Vesely,A24,A24,R (Some Drug Material|Bloody Violence|Nude Images|Language),"Horror,Comedy",English,"Sep 10, 2018, Limited","Sep 11, 2018",,1h 23m,,,34%,250+ Ratings,
118,How to Talk to Girls at Parties,2017,48%,https://www.rottentomatoes.com/m/how_to_talk_to_girls_at_parties,John Cameron Mitchell,"Elle Fanning,Alex Sharp,Nicole Kidman,Ruth Wilson",John Cameron Mitchell,"Iain Canning,Howard Gertler,John Cameron Mitchell,Emile Sherman","Philippa Goslett,John Cameron Mitchell",A24,"Little Punk,See-Saw Films",R (Sexual Content|Nudity|Language Throughout|Some Drug Use),"Romance,Sci-Fi",English,"May 25, 2018, Limited","Jun 5, 2018",$80.4K,1h 42m,,,40%,500+ Ratings,
119,Tusk,2014,46%,https://www.rottentomatoes.com/m/tusk_2014,Kevin Smith,"Michael Parks,Justin Long,Haley Joel Osment,Genesis Rodriguez",Kevin Smith,"Shannon McIntosh,Sam Englebardt,William D. Johnson,David S. Greathouse",Kevin Smith,A24,"Demarest Films,SModcast Pictures,XYZ Films",R (Language|Gore|Sexual Content|Some Disturbing Violence),Horror,English,"Sep 19, 2014, Wide","Aug 15, 2016",$1.8M,1h 41m,,,36%,"10,000+ Ratings",
120,Life After Beth,2014,45%,https://www.rottentomatoes.com/m/life_after_beth,Jeff Baena,"Aubrey Plaza,Dane DeHaan,John C. Reilly,Molly Shannon",Jeff Baena,"Michael Zakin,Liz Destro",Jeff Baena,A24,"StarStream Entertainment,American Zoetrope,Abbolita Productions",R (Nudity|Brief Drug Use|Pervasive Language|Sexual Content|Some Horror Violence),"Comedy,Horror",English,"Aug 15, 2014, Limited","May 23, 2016",$80.3K,1h 30m,,,31%,"5,000+ Ratings",
121,Hot Summer Nights,2017,44%,https://www.rottentomatoes.com/m/hot_summer_nights,Elijah Bynum,"Timothée Chalamet,Alex Roe,Maika Monroe,Maia Mitchell",Elijah Bynum,"Dan Friedkin,Ryan Friedkin,Bradley Thomas",Elijah Bynum,A24,Imperative Entertainment,R (Sexual References|Language Throughout|Drug Content|Some Strong Violence),"Mystery & Thriller,Romance,Drama",English,"Jul 27, 2018, Limited","Jul 24, 2018",,1h 47m,,,58%,500+ Ratings,
122,Backstabbing for Beginners,2018,39%,https://www.rottentomatoes.com/m/backstabbing_for_beginners,Per Fly,"Ben Kingsley,Theo James,Jacqueline Bisset,Belçim Bilgin",Per Fly,"Malene Blenkov,Lars Knudsen,Jay Van Hoy,Daniel Bekerman,Nikolaj Vibe Michelsen","Per Fly,Daniel Pyne,Michael Soussan",A24,"Creative Alliance,A24",R (Some Violence|Language Throughout),"Mystery & Thriller,Drama",English,"Apr 27, 2018, Limited","Jun 24, 2018",,1h 48m,,,52%,100+ Ratings,
123,Cut Bank,2014,37%,https://www.rottentomatoes.com/m/cut_bank,Matt Shakman,"Liam Hemsworth,Teresa Palmer,John Malkovich,Billy Bob Thornton",Matt Shakman,"Mickey Barold,Laurette Bourassa,Dan Cohen,Mark C. Manuel",Roberto Patino,,"Untitled Entertainment,MT Media",R (Violence|Language),Mystery & Thriller,English,,"May 21, 2016",,1h 29m,,,29%,"1,000+ Ratings",
124,Equals,2015,36%,https://www.rottentomatoes.com/m/equals_2016,Drake Doremus,"Kristen Stewart,Nicholas Hoult,Guy Pearce,Bel Powley",Drake Doremus,"Michael Schaefer,Michael A. Pruss,Ann Ruark,Chip Diggins,Jay Stern",Nathan Parker,A24,"E1 Entertainment,Scott Free Productions,Union Investment Partners,Route One Entertainment",PG-13 (Partial Nudity|Disturbing Images|Sensuality|Thematic Content),"Sci-Fi,Romance,Drama",English,"Jul 15, 2016, Limited","Nov 18, 2016",$32.1K,1h 41m,,,42%,"2,500+ Ratings",
125,Outlaws,2017,33%,https://www.rottentomatoes.com/m/outlaws_2019,Stephen McCallum,"Ryan Corr,Abbey Lee,Simone Kessell,Josh McConville",Stephen McCallum,"Jamie Hilton,Michael Pontin",Matt Nable,,See Pictures,R (Sexual Content/Nudity|Pervasive Language|Brief Drug Use|Strong Violence Including Rape),"Crime,Drama",English (Australia),,"Jan 29, 2019",,1h 32m,,,30%,Fewer than 50 Ratings,
126,Mojave,2015,32%,https://www.rottentomatoes.com/m/mojave_2016,William Monahan,"Oscar Isaac,Garrett Hedlund,Louise Bourgoin,Walton Goggins",William Monahan,"William Green,William Monahan,Justine Suzanne Jones,Aaron L. Ginsburg",William Monahan,A24,"MICA Entertainment,Atlas Independent,Relativity International,Henceforth Pictures",R (Some Violence|Language),Mystery & Thriller,English,"Jan 22, 2016, Limited","May 23, 2016",,1h 33m,Dolby Digital,,30%,250+ Ratings,
127,Woodshock,2017,29%,https://www.rottentomatoes.com/m/woodshock_2017,Kate Mulleavy,"Kirsten Dunst,Pilou Asbæk,Joe Cole,Jack Kilmer","Kate Mulleavy,Laura Mulleavy","Ben LeClair,K.K. Barrett,Ken Kao,Michael Costigan","Kate Mulleavy,Laura Mulleavy",A24,"COTA Films,Waypoint Entertainment",R (Drug Use|A Scene of Violence|Language),Drama,English,"Sep 22, 2017, Limited","Nov 21, 2017",$41.1K,1h 41m,,Scope (2.35:1),24%,"1,000+ Ratings",
128,The Captive,2014,28%,https://www.rottentomatoes.com/m/the_captive_2014,Atom Egoyan,"Ryan Reynolds,Rosario Dawson,Mireille Enos,Scott Speedman",Atom Egoyan,"Atom Egoyan,Simone Urdl,Jennifer Weiss,Stephen Traynor","Atom Egoyan,David Fraser",A24,Ego Film Arts,R (Some Violence|Language),Mystery & Thriller,English,"Dec 12, 2014, Limited","Jun 27, 2015",,1h 52m,,,35%,100+ Ratings,
129,Barely Lethal,2015,26%,https://www.rottentomatoes.com/m/barely_lethal,Kyle Newman,"Hailee Steinfeld,Jessica Alba,Samuel L. Jackson,Sophie Turner",Kyle Newman,"Brett Ratner,John Cheng,Sukee Chew,Vanessa Coifman,Ted Hartley",John D'Arco,A24,RKO Pictures,PG-13 (Language|Drug References|Sexual Material|Some Action Violence|Teen Drinking),"Action,Comedy",English,"May 29, 2015, Limited","Aug 10, 2016",,1h 36m,,,38%,"2,500+ Ratings",
130,The Adderall Diaries,2015,25%,https://www.rottentomatoes.com/m/the_adderall_diaries,Pamela Romanowsky,"James Franco,Ed Harris,Amber Heard,Cynthia Nixon",Pamela Romanowsky,"Vince Jolivette,James Franco,James Reach,Joseph McKelheer,Marni Zelnick",Pamela Romanowsky,A24,,R (Language Throughout|Drug Use|Sexuality|Some Aberrant Content|Some Disturbing Content),Drama,English,"Apr 15, 2016, Limited","Aug 15, 2016",$11.3K,1h 27m,,,26%,500+ Ratings,
131,Dark Places,2015,23%,https://www.rottentomatoes.com/m/dark_places_2015,Gilles Paquet-Brenner,"Charlize Theron,Nicholas Hoult,Chloë Grace Moretz,Tye Sheridan",Gilles Paquet-Brenner,"Azim Bolkiah,A.J. Dix,Matt Jackson,Beth Kono,Matthew Rhodes",Gilles Paquet-Brenner,A24,"Cuatro Plus Films,Exclusive Media Group,Denver and Delilah Productions,Mandalay Pictures,Source Investments B.V.",R (Language|Drug Use|Sexual Contact|Some Disturbing Violence),Mystery & Thriller,English,"Aug 7, 2015, Limited","Aug 5, 2016",$195.5K,1h 43m,,,33%,"5,000+ Ratings",
132,The Sea of Trees,2015,17%,https://www.rottentomatoes.com/m/the_sea_of_trees,Gus Van Sant,"Matthew McConaughey,Ken Watanabe,Naomi Watts,Katie Aselton",Gus Van Sant,"Gil Netter,Ken Kao,Kevin Halloran,F. Gary Gray,E. Brian Dobbins,Allen Fischer,Chris Sparling",Chris Sparling,A24,"Gil Netter,Waypoint Entertainment",PG-13 (Some Disturbing Images|Mature Thematic Material|Brief Strong Language),Drama,English,"Aug 26, 2016, Limited","Mar 12, 2017",$14.0K,1h 50m,Dolby Digital,,43%,"1,000+ Ratings",
133,A Glimpse Inside the Mind of Charles Swan III,2012,16%,https://www.rottentomatoes.com/m/a_glimpse_inside_the_mind_of_charles_swan_iii,Roman Coppola,"Charlie Sheen,Jason Schwartzman,Bill Murray,Patricia Arquette",Roman Coppola,"Roman Coppola,Youree Henley",Roman Coppola,"A24,American Zoetrope",American Zoetrope,R (Some Nudity|Language),"Comedy,Drama",English,"Feb 8, 2013, Limited","May 8, 2014",,1h 25m,Dolby Digital,,25%,"2,500+ Ratings",
134,Revenge of the Green Dragons,2014,15%,https://www.rottentomatoes.com/m/revenge_of_the_green_dragons,Andrew Lau Wai-Keung,"Justin Chon,Kevin Wu,Harry Shum Jr.,Shuya Chang","Andrew Lau Wai-Keung,Andrew Loo","Stuart Ford,Andrew Lau Wai-Keung,Allen Bain,Jesse Scolaro,Ara Katz","Michael Di Jiacomo,Andrew Loo",A24,"7th Floor,Initial A Entertainment",R (Sexual Assault|Pervasive Language|Sexual Content|Some Drug Use|Strong Violence),"Action,Crime,Drama",English,"Oct 24, 2014, Limited","Apr 14, 2015",,1h 34m,,,30%,"1,000+ Ratings",
135,The Vanishing of Sidney Hall,2017,11%,https://www.rottentomatoes.com/m/the_vanishing_of_sidney_hall,Shawn Christensen,"Kyle Chandler,Logan Lerman,Elle Fanning,Blake Jenner",Shawn Christensen,Jonathan Schwartz,"Shawn Christensen,Jason Dolan",A24,Super Crispy Entertainment,R (Some Sexual References|Language),"Mystery & Thriller,Drama",English,"Mar 2, 2018, Limited","Mar 2, 2018",,1h 59m,,,77%,500+ Ratings,
